Alpha,CD0
-0.34906585,0.545860465
-0.174532925,0.545860465
0,0.545860465
0.174532925,0.545860465
0.34906585,0.545860465