{
  "apogee_m": 3470.7995392802686,
  "max_speed_mps": 297.13275104449133,
  "flight_time_sec": 202.47999999996884,
  "landing": {
    "lat_deg": 40.24727084072701,
    "lon_deg": 139.99967022535657,
    "alt_agl_m": -0.03603249270200809,
    "source": "parachute"
  },
  "events_count": 14,
  "phase_final": "Completed"
}