{
  "apogee_m": 3464.2037214728707,
  "max_speed_mps": 297.10961771885167,
  "flight_time_sec": 202.14399999996917,
  "landing": {
    "lat_deg": 40.24725474668069,
    "lon_deg": 139.99965942508413,
    "alt_agl_m": -0.027208133669875456,
    "source": "parachute"
  },
  "events_count": 14,
  "phase_final": "Completed"
}