{
  "apogee_m": 3470.7995392802686,
  "max_speed_mps": 297.13275104449133,
  "flight_time_sec": 202.42999999996906,
  "landing": {
    "lat_deg": 40.247252537982234,
    "lon_deg": 139.99974060007546,
    "alt_agl_m": -0.043333987258039774,
    "source": "parachute"
  },
  "events_count": 14,
  "phase_final": "Completed"
}