{
  "apogee_m": 3487.864426751231,
  "max_speed_mps": 298.54724246172907,
  "flight_time_sec": 203.2589999999684,
  "landing": {
    "lat_deg": 40.24726770602248,
    "lon_deg": 139.98609690844768,
    "alt_agl_m": -0.18362400638953824,
    "source": "parachute"
  },
  "events_count": 14,
  "phase_final": "Completed"
}